                  epoch,         train/box_loss,         train/cls_loss,         train/dfl_loss,   metrics/precision(B),      metrics/recall(B),       metrics/mAP50(B),    metrics/mAP50-95(B),           val/box_loss,           val/cls_loss,           val/dfl_loss,                 lr/pg0,                 lr/pg1,                 lr/pg2
                      1,                 1.7451,                 2.4183,                 1.0639,                0.94784,                0.11045,                0.37505,                0.16902,                 1.8397,                 2.4937,                 1.1083,             0.00041005,             0.00041005,             0.00041005
                      2,                 1.6013,                 1.2031,                  1.016,                0.72885,                0.45928,                0.55922,                0.26706,                 1.8289,                 1.5388,                  1.111,             0.00066303,             0.00066303,             0.00066303
                      3,                 1.5666,                 1.0732,                 1.0098,                0.68704,                0.49046,                0.56338,                0.25438,                 1.8695,                 1.3106,                 1.1137,             0.00075101,             0.00075101,             0.00075101
                      4,                 1.5264,                 1.0098,                 1.0037,                0.68452,                0.58914,                0.64269,                0.29907,                 1.7646,                 1.0883,                 1.0834,              0.0005075,              0.0005075,              0.0005075
                      5,                 1.4969,                0.96267,                0.98905,                0.72939,                0.55131,                0.62891,                0.29699,                 1.7821,                 1.1159,                 1.1032,              0.0005075,              0.0005075,              0.0005075
